Ticker,Company
D05.SI,DBS Group Holdings
O39.SI,Oversea-Chinese Banking Corporation
U11.SI,United Overseas Bank
Z74.SI,Singtel
C6L.SI,Singapore Airlines
S68.SI,Singapore Exchange
BN4.SI,Keppel Ltd
C38U.SI,CapitaLand Integrated Commercial Trust
A17U.SI,CapitaLand Ascendas REIT
J69U.SI,Frasers Centrepoint Trust
ME8U.SI,Mapletree Industrial Trust
M44U.SI,Mapletree Logistics Trust
N2IU.SI,Mapletree Pan Asia Commercial Trust
AJBU.SI,Keppel DC REIT
F34.SI,Wilmar International
U96.SI,Sembcorp Industries
S63.SI,ST Engineering
G13.SI,Genting Singapore
C09.SI,City Developments
H78.SI,Hongkong Land Holdings
V03.SI,Venture Corporation
Y92.SI,Thai Beverage
BS6.SI,Yangzijiang Shipbuilding
5E2.SI,Seatrium
S58.SI,SATS
